,country_label,country,decor_label,decor,type_label,type,file,tags
0,1,Russia,1,Gzhel,1,pattern,01_01_1_001.png,Russia Gzhel pattern
1,1,Russia,1,Gzhel,1,pattern,01_01_1_002.png,Russia Gzhel pattern
2,1,Russia,1,Gzhel,1,pattern,01_01_1_003.png,Russia Gzhel pattern
3,1,Russia,1,Gzhel,1,pattern,01_01_1_004.png,Russia Gzhel pattern
4,1,Russia,1,Gzhel,1,pattern,01_01_1_005.png,Russia Gzhel pattern
5,1,Russia,1,Gzhel,1,pattern,01_01_1_006.png,Russia Gzhel pattern
6,1,Russia,1,Gzhel,1,pattern,01_01_1_007.png,Russia Gzhel pattern
7,1,Russia,1,Gzhel,1,pattern,01_01_1_008.png,Russia Gzhel pattern
8,1,Russia,1,Gzhel,1,pattern,01_01_1_009.png,Russia Gzhel pattern
9,1,Russia,1,Gzhel,1,pattern,01_01_1_010.png,Russia Gzhel pattern
10,1,Russia,1,Gzhel,1,pattern,01_01_1_011.png,Russia Gzhel pattern
11,1,Russia,1,Gzhel,1,pattern,01_01_1_012.png,Russia Gzhel pattern
12,1,Russia,1,Gzhel,1,pattern,01_01_1_013.png,Russia Gzhel pattern
13,1,Russia,1,Gzhel,1,pattern,01_01_1_014.png,Russia Gzhel pattern
14,1,Russia,1,Gzhel,1,pattern,01_01_1_015.png,Russia Gzhel pattern
15,1,Russia,1,Gzhel,1,pattern,01_01_1_016.png,Russia Gzhel pattern
16,1,Russia,1,Gzhel,1,pattern,01_01_1_017.png,Russia Gzhel pattern
17,1,Russia,1,Gzhel,1,pattern,01_01_1_018.png,Russia Gzhel pattern
18,1,Russia,1,Gzhel,1,pattern,01_01_1_019.png,Russia Gzhel pattern
19,1,Russia,1,Gzhel,1,pattern,01_01_1_020.png,Russia Gzhel pattern
20,1,Russia,1,Gzhel,1,pattern,01_01_1_021.png,Russia Gzhel pattern
21,1,Russia,1,Gzhel,1,pattern,01_01_1_022.png,Russia Gzhel pattern
22,1,Russia,1,Gzhel,1,pattern,01_01_1_023.png,Russia Gzhel pattern
23,1,Russia,1,Gzhel,1,pattern,01_01_1_024.png,Russia Gzhel pattern
24,1,Russia,1,Gzhel,1,pattern,01_01_1_025.png,Russia Gzhel pattern
25,1,Russia,1,Gzhel,1,pattern,01_01_1_026.png,Russia Gzhel pattern
26,1,Russia,1,Gzhel,1,pattern,01_01_1_027.png,Russia Gzhel pattern
27,1,Russia,1,Gzhel,1,pattern,01_01_1_028.png,Russia Gzhel pattern
28,1,Russia,1,Gzhel,1,pattern,01_01_1_029.png,Russia Gzhel pattern
29,1,Russia,1,Gzhel,1,pattern,01_01_1_030.png,Russia Gzhel pattern
30,1,Russia,1,Gzhel,1,pattern,01_01_1_031.png,Russia Gzhel pattern
31,1,Russia,1,Gzhel,1,pattern,01_01_1_032.png,Russia Gzhel pattern
32,1,Russia,1,Gzhel,1,pattern,01_01_1_033.png,Russia Gzhel pattern
33,1,Russia,1,Gzhel,2,product,01_01_2_001.png,Russia Gzhel product
34,1,Russia,1,Gzhel,2,product,01_01_2_002.png,Russia Gzhel product
35,1,Russia,1,Gzhel,2,product,01_01_2_003.png,Russia Gzhel product
36,1,Russia,1,Gzhel,2,product,01_01_2_004.png,Russia Gzhel product
37,1,Russia,1,Gzhel,2,product,01_01_2_005.png,Russia Gzhel product
38,1,Russia,1,Gzhel,2,product,01_01_2_006.png,Russia Gzhel product
39,1,Russia,1,Gzhel,2,product,01_01_2_007.png,Russia Gzhel product
40,1,Russia,1,Gzhel,2,product,01_01_2_008.png,Russia Gzhel product
41,1,Russia,1,Gzhel,2,product,01_01_2_009.png,Russia Gzhel product
42,1,Russia,1,Gzhel,2,product,01_01_2_010.png,Russia Gzhel product
43,1,Russia,1,Gzhel,2,product,01_01_2_011.png,Russia Gzhel product
44,1,Russia,1,Gzhel,2,product,01_01_2_012.png,Russia Gzhel product
45,1,Russia,1,Gzhel,2,product,01_01_2_013.png,Russia Gzhel product
46,1,Russia,1,Gzhel,2,product,01_01_2_014.png,Russia Gzhel product
47,1,Russia,1,Gzhel,2,product,01_01_2_015.png,Russia Gzhel product
48,1,Russia,1,Gzhel,2,product,01_01_2_016.png,Russia Gzhel product
49,1,Russia,1,Gzhel,2,product,01_01_2_017.png,Russia Gzhel product
50,1,Russia,1,Gzhel,2,product,01_01_2_018.png,Russia Gzhel product
51,1,Russia,1,Gzhel,2,product,01_01_2_019.png,Russia Gzhel product
52,1,Russia,1,Gzhel,2,product,01_01_2_020.png,Russia Gzhel product
53,1,Russia,1,Gzhel,2,product,01_01_2_021.png,Russia Gzhel product
54,1,Russia,1,Gzhel,2,product,01_01_2_022.png,Russia Gzhel product
55,1,Russia,1,Gzhel,2,product,01_01_2_023.png,Russia Gzhel product
56,1,Russia,1,Gzhel,2,product,01_01_2_024.png,Russia Gzhel product
57,1,Russia,1,Gzhel,2,product,01_01_2_025.png,Russia Gzhel product
58,1,Russia,1,Gzhel,2,product,01_01_2_026.png,Russia Gzhel product
59,1,Russia,1,Gzhel,2,product,01_01_2_027.png,Russia Gzhel product
60,1,Russia,1,Gzhel,2,product,01_01_2_028.png,Russia Gzhel product
61,1,Russia,1,Gzhel,2,product,01_01_2_029.png,Russia Gzhel product
62,1,Russia,1,Gzhel,2,product,01_01_2_030.png,Russia Gzhel product
63,1,Russia,1,Gzhel,2,product,01_01_2_031.png,Russia Gzhel product
64,1,Russia,1,Gzhel,2,product,01_01_2_032.png,Russia Gzhel product
65,1,Russia,1,Gzhel,2,product,01_01_2_033.png,Russia Gzhel product
66,1,Russia,1,Gzhel,2,product,01_01_2_034.png,Russia Gzhel product
67,1,Russia,1,Gzhel,2,product,01_01_2_035.png,Russia Gzhel product
68,1,Russia,1,Gzhel,2,product,01_01_2_036.png,Russia Gzhel product
69,1,Russia,1,Gzhel,2,product,01_01_2_037.png,Russia Gzhel product
70,1,Russia,1,Gzhel,2,product,01_01_2_038.png,Russia Gzhel product
71,1,Russia,1,Gzhel,2,product,01_01_2_039.png,Russia Gzhel product
72,1,Russia,1,Gzhel,2,product,01_01_2_040.png,Russia Gzhel product
73,1,Russia,1,Gzhel,2,product,01_01_2_041.png,Russia Gzhel product
74,1,Russia,1,Gzhel,2,product,01_01_2_042.png,Russia Gzhel product
75,1,Russia,1,Gzhel,2,product,01_01_2_043.png,Russia Gzhel product
76,1,Russia,1,Gzhel,2,product,01_01_2_044.png,Russia Gzhel product
77,1,Russia,1,Gzhel,2,product,01_01_2_045.png,Russia Gzhel product
78,1,Russia,1,Gzhel,2,product,01_01_2_046.png,Russia Gzhel product
79,1,Russia,1,Gzhel,2,product,01_01_2_047.png,Russia Gzhel product
80,1,Russia,1,Gzhel,2,product,01_01_2_048.png,Russia Gzhel product
81,1,Russia,1,Gzhel,2,product,01_01_2_049.png,Russia Gzhel product
82,1,Russia,1,Gzhel,2,product,01_01_2_050.png,Russia Gzhel product
83,1,Russia,1,Gzhel,2,product,01_01_2_051.png,Russia Gzhel product
84,1,Russia,1,Gzhel,2,product,01_01_2_052.png,Russia Gzhel product
85,1,Russia,1,Gzhel,2,product,01_01_2_053.png,Russia Gzhel product
86,1,Russia,1,Gzhel,2,product,01_01_2_054.png,Russia Gzhel product
87,1,Russia,1,Gzhel,2,product,01_01_2_055.png,Russia Gzhel product
88,1,Russia,2,Khokhloma,1,pattern,01_02_1_001.png,Russia Khokhloma pattern
89,1,Russia,2,Khokhloma,1,pattern,01_02_1_002.png,Russia Khokhloma pattern
90,1,Russia,2,Khokhloma,1,pattern,01_02_1_003.png,Russia Khokhloma pattern
91,1,Russia,2,Khokhloma,1,pattern,01_02_1_004.png,Russia Khokhloma pattern
92,1,Russia,2,Khokhloma,1,pattern,01_02_1_005.png,Russia Khokhloma pattern
93,1,Russia,2,Khokhloma,1,pattern,01_02_1_006.png,Russia Khokhloma pattern
94,1,Russia,2,Khokhloma,1,pattern,01_02_1_007.png,Russia Khokhloma pattern
95,1,Russia,2,Khokhloma,1,pattern,01_02_1_008.png,Russia Khokhloma pattern
96,1,Russia,2,Khokhloma,1,pattern,01_02_1_009.png,Russia Khokhloma pattern
97,1,Russia,2,Khokhloma,1,pattern,01_02_1_010.png,Russia Khokhloma pattern
98,1,Russia,2,Khokhloma,1,pattern,01_02_1_011.png,Russia Khokhloma pattern
99,1,Russia,2,Khokhloma,1,pattern,01_02_1_012.png,Russia Khokhloma pattern
100,1,Russia,2,Khokhloma,1,pattern,01_02_1_013.png,Russia Khokhloma pattern
101,1,Russia,2,Khokhloma,1,pattern,01_02_1_014.png,Russia Khokhloma pattern
102,1,Russia,2,Khokhloma,1,pattern,01_02_1_015.png,Russia Khokhloma pattern
103,1,Russia,2,Khokhloma,1,pattern,01_02_1_016.png,Russia Khokhloma pattern
104,1,Russia,2,Khokhloma,1,pattern,01_02_1_017.png,Russia Khokhloma pattern
105,1,Russia,2,Khokhloma,1,pattern,01_02_1_018.png,Russia Khokhloma pattern
106,1,Russia,2,Khokhloma,1,pattern,01_02_1_019.png,Russia Khokhloma pattern
107,1,Russia,2,Khokhloma,1,pattern,01_02_1_020.png,Russia Khokhloma pattern
108,1,Russia,2,Khokhloma,1,pattern,01_02_1_021.png,Russia Khokhloma pattern
109,1,Russia,2,Khokhloma,1,pattern,01_02_1_022.png,Russia Khokhloma pattern
110,1,Russia,2,Khokhloma,1,pattern,01_02_1_023.png,Russia Khokhloma pattern
111,1,Russia,2,Khokhloma,1,pattern,01_02_1_024.png,Russia Khokhloma pattern
112,1,Russia,2,Khokhloma,1,pattern,01_02_1_025.png,Russia Khokhloma pattern
113,1,Russia,2,Khokhloma,1,pattern,01_02_1_026.png,Russia Khokhloma pattern
114,1,Russia,2,Khokhloma,1,pattern,01_02_1_027.png,Russia Khokhloma pattern
115,1,Russia,2,Khokhloma,1,pattern,01_02_1_028.png,Russia Khokhloma pattern
116,1,Russia,2,Khokhloma,1,pattern,01_02_1_029.png,Russia Khokhloma pattern
117,1,Russia,2,Khokhloma,1,pattern,01_02_1_030.png,Russia Khokhloma pattern
118,1,Russia,2,Khokhloma,1,pattern,01_02_1_031.png,Russia Khokhloma pattern
119,1,Russia,2,Khokhloma,2,product,01_02_2_001.png,Russia Khokhloma product
120,1,Russia,2,Khokhloma,2,product,01_02_2_002.png,Russia Khokhloma product
121,1,Russia,2,Khokhloma,2,product,01_02_2_003.png,Russia Khokhloma product
122,1,Russia,2,Khokhloma,2,product,01_02_2_004.png,Russia Khokhloma product
123,1,Russia,2,Khokhloma,2,product,01_02_2_005.png,Russia Khokhloma product
124,1,Russia,2,Khokhloma,2,product,01_02_2_006.png,Russia Khokhloma product
125,1,Russia,2,Khokhloma,2,product,01_02_2_007.png,Russia Khokhloma product
126,1,Russia,2,Khokhloma,2,product,01_02_2_008.png,Russia Khokhloma product
127,1,Russia,2,Khokhloma,2,product,01_02_2_009.png,Russia Khokhloma product
128,1,Russia,2,Khokhloma,2,product,01_02_2_010.png,Russia Khokhloma product
129,1,Russia,2,Khokhloma,2,product,01_02_2_011.png,Russia Khokhloma product
130,1,Russia,2,Khokhloma,2,product,01_02_2_012.png,Russia Khokhloma product
131,1,Russia,2,Khokhloma,2,product,01_02_2_013.png,Russia Khokhloma product
132,1,Russia,2,Khokhloma,2,product,01_02_2_014.png,Russia Khokhloma product
133,1,Russia,2,Khokhloma,2,product,01_02_2_015.png,Russia Khokhloma product
134,1,Russia,2,Khokhloma,2,product,01_02_2_016.png,Russia Khokhloma product
135,1,Russia,2,Khokhloma,2,product,01_02_2_017.png,Russia Khokhloma product
136,1,Russia,2,Khokhloma,2,product,01_02_2_018.png,Russia Khokhloma product
137,1,Russia,2,Khokhloma,2,product,01_02_2_019.png,Russia Khokhloma product
138,1,Russia,2,Khokhloma,2,product,01_02_2_020.png,Russia Khokhloma product
139,1,Russia,2,Khokhloma,2,product,01_02_2_021.png,Russia Khokhloma product
140,1,Russia,2,Khokhloma,2,product,01_02_2_022.png,Russia Khokhloma product
141,1,Russia,2,Khokhloma,2,product,01_02_2_023.png,Russia Khokhloma product
142,1,Russia,2,Khokhloma,2,product,01_02_2_024.png,Russia Khokhloma product
143,1,Russia,2,Khokhloma,2,product,01_02_2_025.png,Russia Khokhloma product
144,1,Russia,2,Khokhloma,2,product,01_02_2_026.png,Russia Khokhloma product
145,1,Russia,2,Khokhloma,2,product,01_02_2_027.png,Russia Khokhloma product
146,1,Russia,2,Khokhloma,2,product,01_02_2_028.png,Russia Khokhloma product
147,1,Russia,2,Khokhloma,2,product,01_02_2_029.png,Russia Khokhloma product
148,1,Russia,2,Khokhloma,2,product,01_02_2_030.png,Russia Khokhloma product
149,1,Russia,2,Khokhloma,2,product,01_02_2_031.png,Russia Khokhloma product
150,1,Russia,2,Khokhloma,2,product,01_02_2_032.png,Russia Khokhloma product
151,1,Russia,2,Khokhloma,2,product,01_02_2_033.png,Russia Khokhloma product
152,1,Russia,2,Khokhloma,2,product,01_02_2_034.png,Russia Khokhloma product
153,1,Russia,2,Khokhloma,2,product,01_02_2_035.png,Russia Khokhloma product
154,1,Russia,2,Khokhloma,2,product,01_02_2_036.png,Russia Khokhloma product
155,1,Russia,2,Khokhloma,2,product,01_02_2_037.png,Russia Khokhloma product
156,1,Russia,2,Khokhloma,2,product,01_02_2_038.png,Russia Khokhloma product
157,1,Russia,2,Khokhloma,2,product,01_02_2_039.png,Russia Khokhloma product
158,1,Russia,2,Khokhloma,2,product,01_02_2_040.png,Russia Khokhloma product
159,1,Russia,2,Khokhloma,2,product,01_02_2_041.png,Russia Khokhloma product
160,1,Russia,2,Khokhloma,2,product,01_02_2_042.png,Russia Khokhloma product
161,1,Russia,2,Khokhloma,2,product,01_02_2_043.png,Russia Khokhloma product
162,1,Russia,2,Khokhloma,2,product,01_02_2_044.png,Russia Khokhloma product
163,1,Russia,2,Khokhloma,2,product,01_02_2_045.png,Russia Khokhloma product
164,1,Russia,2,Khokhloma,2,product,01_02_2_046.png,Russia Khokhloma product
165,1,Russia,2,Khokhloma,2,product,01_02_2_047.png,Russia Khokhloma product
166,1,Russia,2,Khokhloma,2,product,01_02_2_048.png,Russia Khokhloma product
167,1,Russia,2,Khokhloma,2,product,01_02_2_049.png,Russia Khokhloma product
168,1,Russia,2,Khokhloma,2,product,01_02_2_050.png,Russia Khokhloma product
169,1,Russia,2,Khokhloma,2,product,01_02_2_051.png,Russia Khokhloma product
170,1,Russia,2,Khokhloma,2,product,01_02_2_052.png,Russia Khokhloma product
171,1,Russia,2,Khokhloma,2,product,01_02_2_053.png,Russia Khokhloma product
172,1,Russia,2,Khokhloma,2,product,01_02_2_054.png,Russia Khokhloma product
173,1,Russia,2,Khokhloma,2,product,01_02_2_055.png,Russia Khokhloma product
174,1,Russia,2,Khokhloma,2,product,01_02_2_056.png,Russia Khokhloma product
175,1,Russia,2,Khokhloma,2,product,01_02_2_057.png,Russia Khokhloma product
176,1,Russia,2,Khokhloma,2,product,01_02_2_058.png,Russia Khokhloma product
177,1,Russia,2,Khokhloma,2,product,01_02_2_059.png,Russia Khokhloma product
178,1,Russia,2,Khokhloma,2,product,01_02_2_060.png,Russia Khokhloma product
179,1,Russia,2,Khokhloma,2,product,01_02_2_061.png,Russia Khokhloma product
180,1,Russia,2,Khokhloma,2,product,01_02_2_062.png,Russia Khokhloma product
181,1,Russia,2,Khokhloma,2,product,01_02_2_063.png,Russia Khokhloma product
182,1,Russia,2,Khokhloma,2,product,01_02_2_064.png,Russia Khokhloma product
183,1,Russia,2,Khokhloma,2,product,01_02_2_065.png,Russia Khokhloma product
184,1,Russia,3,Gorodets,1,pattern,01_03_1_001.png,Russia Gorodets pattern
185,1,Russia,3,Gorodets,1,pattern,01_03_1_002.png,Russia Gorodets pattern
186,1,Russia,3,Gorodets,1,pattern,01_03_1_003.png,Russia Gorodets pattern
187,1,Russia,3,Gorodets,1,pattern,01_03_1_004.png,Russia Gorodets pattern
188,1,Russia,3,Gorodets,1,pattern,01_03_1_005.png,Russia Gorodets pattern
189,1,Russia,3,Gorodets,1,pattern,01_03_1_006.png,Russia Gorodets pattern
190,1,Russia,3,Gorodets,1,pattern,01_03_1_007.png,Russia Gorodets pattern
191,1,Russia,3,Gorodets,1,pattern,01_03_1_008.png,Russia Gorodets pattern
192,1,Russia,3,Gorodets,1,pattern,01_03_1_009.png,Russia Gorodets pattern
193,1,Russia,3,Gorodets,1,pattern,01_03_1_010.png,Russia Gorodets pattern
194,1,Russia,3,Gorodets,1,pattern,01_03_1_011.png,Russia Gorodets pattern
195,1,Russia,3,Gorodets,1,pattern,01_03_1_012.png,Russia Gorodets pattern
196,1,Russia,3,Gorodets,1,pattern,01_03_1_013.png,Russia Gorodets pattern
197,1,Russia,3,Gorodets,1,pattern,01_03_1_014.png,Russia Gorodets pattern
198,1,Russia,3,Gorodets,1,pattern,01_03_1_015.png,Russia Gorodets pattern
199,1,Russia,3,Gorodets,1,pattern,01_03_1_016.png,Russia Gorodets pattern
200,1,Russia,3,Gorodets,1,pattern,01_03_1_017.png,Russia Gorodets pattern
201,1,Russia,3,Gorodets,1,pattern,01_03_1_018.png,Russia Gorodets pattern
202,1,Russia,3,Gorodets,1,pattern,01_03_1_019.png,Russia Gorodets pattern
203,1,Russia,3,Gorodets,1,pattern,01_03_1_020.png,Russia Gorodets pattern
204,1,Russia,3,Gorodets,1,pattern,01_03_1_021.png,Russia Gorodets pattern
205,1,Russia,3,Gorodets,1,pattern,01_03_1_022.png,Russia Gorodets pattern
206,1,Russia,3,Gorodets,1,pattern,01_03_1_023.png,Russia Gorodets pattern
207,1,Russia,3,Gorodets,1,pattern,01_03_1_024.png,Russia Gorodets pattern
208,1,Russia,3,Gorodets,1,pattern,01_03_1_025.png,Russia Gorodets pattern
209,1,Russia,3,Gorodets,1,pattern,01_03_1_026.png,Russia Gorodets pattern
210,1,Russia,3,Gorodets,1,pattern,01_03_1_027.png,Russia Gorodets pattern
211,1,Russia,3,Gorodets,1,pattern,01_03_1_028.png,Russia Gorodets pattern
212,1,Russia,3,Gorodets,1,pattern,01_03_1_029.png,Russia Gorodets pattern
213,1,Russia,3,Gorodets,1,pattern,01_03_1_030.png,Russia Gorodets pattern
214,1,Russia,3,Gorodets,1,pattern,01_03_1_031.png,Russia Gorodets pattern
215,1,Russia,3,Gorodets,1,pattern,01_03_1_032.png,Russia Gorodets pattern
216,1,Russia,3,Gorodets,1,pattern,01_03_1_033.png,Russia Gorodets pattern
217,1,Russia,3,Gorodets,1,pattern,01_03_1_034.png,Russia Gorodets pattern
218,1,Russia,3,Gorodets,1,pattern,01_03_1_035.png,Russia Gorodets pattern
219,1,Russia,3,Gorodets,2,product,01_03_2_001.png,Russia Gorodets product
220,1,Russia,3,Gorodets,2,product,01_03_2_002.png,Russia Gorodets product
221,1,Russia,3,Gorodets,2,product,01_03_2_003.png,Russia Gorodets product
222,1,Russia,3,Gorodets,2,product,01_03_2_004.png,Russia Gorodets product
223,1,Russia,3,Gorodets,2,product,01_03_2_005.png,Russia Gorodets product
224,1,Russia,3,Gorodets,2,product,01_03_2_006.png,Russia Gorodets product
225,1,Russia,3,Gorodets,2,product,01_03_2_007.png,Russia Gorodets product
226,1,Russia,3,Gorodets,2,product,01_03_2_008.png,Russia Gorodets product
227,1,Russia,3,Gorodets,2,product,01_03_2_009.png,Russia Gorodets product
228,1,Russia,3,Gorodets,2,product,01_03_2_010.png,Russia Gorodets product
229,1,Russia,3,Gorodets,2,product,01_03_2_011.png,Russia Gorodets product
230,1,Russia,3,Gorodets,2,product,01_03_2_012.png,Russia Gorodets product
231,1,Russia,3,Gorodets,2,product,01_03_2_013.png,Russia Gorodets product
232,1,Russia,3,Gorodets,2,product,01_03_2_014.png,Russia Gorodets product
233,1,Russia,3,Gorodets,2,product,01_03_2_015.png,Russia Gorodets product
234,1,Russia,3,Gorodets,2,product,01_03_2_016.png,Russia Gorodets product
235,1,Russia,3,Gorodets,2,product,01_03_2_017.png,Russia Gorodets product
236,1,Russia,3,Gorodets,2,product,01_03_2_018.png,Russia Gorodets product
237,1,Russia,3,Gorodets,2,product,01_03_2_019.png,Russia Gorodets product
238,1,Russia,3,Gorodets,2,product,01_03_2_020.png,Russia Gorodets product
239,1,Russia,3,Gorodets,2,product,01_03_2_021.png,Russia Gorodets product
240,1,Russia,3,Gorodets,2,product,01_03_2_022.png,Russia Gorodets product
241,1,Russia,3,Gorodets,2,product,01_03_2_023.png,Russia Gorodets product
242,1,Russia,3,Gorodets,2,product,01_03_2_024.png,Russia Gorodets product
243,1,Russia,3,Gorodets,2,product,01_03_2_025.png,Russia Gorodets product
244,1,Russia,3,Gorodets,2,product,01_03_2_026.png,Russia Gorodets product
245,1,Russia,3,Gorodets,2,product,01_03_2_027.png,Russia Gorodets product
246,1,Russia,3,Gorodets,2,product,01_03_2_028.png,Russia Gorodets product
247,1,Russia,3,Gorodets,2,product,01_03_2_029.png,Russia Gorodets product
248,1,Russia,3,Gorodets,2,product,01_03_2_030.png,Russia Gorodets product
249,1,Russia,3,Gorodets,2,product,01_03_2_031.png,Russia Gorodets product
250,1,Russia,3,Gorodets,2,product,01_03_2_032.png,Russia Gorodets product
251,1,Russia,3,Gorodets,2,product,01_03_2_033.png,Russia Gorodets product
252,1,Russia,3,Gorodets,2,product,01_03_2_034.png,Russia Gorodets product
253,1,Russia,3,Gorodets,2,product,01_03_2_035.png,Russia Gorodets product
254,1,Russia,3,Gorodets,2,product,01_03_2_036.png,Russia Gorodets product
255,1,Russia,3,Gorodets,2,product,01_03_2_037.png,Russia Gorodets product
256,1,Russia,3,Gorodets,2,product,01_03_2_038.png,Russia Gorodets product
257,1,Russia,3,Gorodets,2,product,01_03_2_039.png,Russia Gorodets product
258,1,Russia,3,Gorodets,2,product,01_03_2_040.png,Russia Gorodets product
259,1,Russia,3,Gorodets,2,product,01_03_2_041.png,Russia Gorodets product
260,1,Russia,3,Gorodets,2,product,01_03_2_042.png,Russia Gorodets product
261,1,Russia,3,Gorodets,2,product,01_03_2_043.png,Russia Gorodets product
262,1,Russia,3,Gorodets,2,product,01_03_2_044.png,Russia Gorodets product
263,1,Russia,3,Gorodets,2,product,01_03_2_045.png,Russia Gorodets product
264,1,Russia,3,Gorodets,2,product,01_03_2_046.png,Russia Gorodets product
265,1,Russia,3,Gorodets,2,product,01_03_2_047.png,Russia Gorodets product
266,1,Russia,3,Gorodets,2,product,01_03_2_048.png,Russia Gorodets product
267,1,Russia,3,Gorodets,2,product,01_03_2_049.png,Russia Gorodets product
268,1,Russia,3,Gorodets,2,product,01_03_2_050.png,Russia Gorodets product
269,1,Russia,3,Gorodets,2,product,01_03_2_051.png,Russia Gorodets product
270,1,Russia,3,Gorodets,2,product,01_03_2_052.png,Russia Gorodets product
271,1,Russia,3,Gorodets,2,product,01_03_2_053.png,Russia Gorodets product
272,1,Russia,3,Gorodets,2,product,01_03_2_054.png,Russia Gorodets product
273,1,Russia,3,Gorodets,2,product,01_03_2_055.png,Russia Gorodets product
274,1,Russia,3,Gorodets,2,product,01_03_2_056.png,Russia Gorodets product
275,1,Russia,3,Gorodets,2,product,01_03_2_057.png,Russia Gorodets product
276,2,Poland,4,Wycinanki łowickie,1,pattern,02_04_1_001.png,Poland Wycinanki łowickie pattern
277,2,Poland,4,Wycinanki łowickie,1,pattern,02_04_1_002.png,Poland Wycinanki łowickie pattern
278,2,Poland,4,Wycinanki łowickie,1,pattern,02_04_1_003.png,Poland Wycinanki łowickie pattern
279,2,Poland,4,Wycinanki łowickie,1,pattern,02_04_1_004.png,Poland Wycinanki łowickie pattern
280,2,Poland,4,Wycinanki łowickie,1,pattern,02_04_1_005.png,Poland Wycinanki łowickie pattern
281,2,Poland,4,Wycinanki łowickie,1,pattern,02_04_1_006.png,Poland Wycinanki łowickie pattern
282,2,Poland,4,Wycinanki łowickie,1,pattern,02_04_1_007.png,Poland Wycinanki łowickie pattern
283,2,Poland,4,Wycinanki łowickie,1,pattern,02_04_1_008.png,Poland Wycinanki łowickie pattern
284,2,Poland,4,Wycinanki łowickie,1,pattern,02_04_1_009.png,Poland Wycinanki łowickie pattern
285,2,Poland,4,Wycinanki łowickie,1,pattern,02_04_1_010.png,Poland Wycinanki łowickie pattern
286,2,Poland,4,Wycinanki łowickie,1,pattern,02_04_1_011.png,Poland Wycinanki łowickie pattern
287,2,Poland,4,Wycinanki łowickie,1,pattern,02_04_1_012.png,Poland Wycinanki łowickie pattern
288,2,Poland,4,Wycinanki łowickie,1,pattern,02_04_1_013.png,Poland Wycinanki łowickie pattern
289,2,Poland,4,Wycinanki łowickie,1,pattern,02_04_1_014.png,Poland Wycinanki łowickie pattern
290,2,Poland,4,Wycinanki łowickie,1,pattern,02_04_1_015.png,Poland Wycinanki łowickie pattern
291,2,Poland,4,Wycinanki łowickie,1,pattern,02_04_1_016.png,Poland Wycinanki łowickie pattern
292,2,Poland,4,Wycinanki łowickie,1,pattern,02_04_1_017.png,Poland Wycinanki łowickie pattern
293,2,Poland,4,Wycinanki łowickie,1,pattern,02_04_1_018.png,Poland Wycinanki łowickie pattern
294,2,Poland,4,Wycinanki łowickie,1,pattern,02_04_1_019.png,Poland Wycinanki łowickie pattern
295,2,Poland,4,Wycinanki łowickie,1,pattern,02_04_1_020.png,Poland Wycinanki łowickie pattern
296,2,Poland,4,Wycinanki łowickie,1,pattern,02_04_1_021.png,Poland Wycinanki łowickie pattern
297,2,Poland,4,Wycinanki łowickie,1,pattern,02_04_1_022.png,Poland Wycinanki łowickie pattern
298,2,Poland,4,Wycinanki łowickie,1,pattern,02_04_1_023.png,Poland Wycinanki łowickie pattern
299,2,Poland,4,Wycinanki łowickie,1,pattern,02_04_1_024.png,Poland Wycinanki łowickie pattern
300,2,Poland,4,Wycinanki łowickie,1,pattern,02_04_1_025.png,Poland Wycinanki łowickie pattern
301,2,Poland,4,Wycinanki łowickie,1,pattern,02_04_1_026.png,Poland Wycinanki łowickie pattern
302,2,Poland,4,Wycinanki łowickie,1,pattern,02_04_1_027.png,Poland Wycinanki łowickie pattern
303,2,Poland,4,Wycinanki łowickie,1,pattern,02_04_1_028.png,Poland Wycinanki łowickie pattern
304,2,Poland,4,Wycinanki łowickie,1,pattern,02_04_1_029.png,Poland Wycinanki łowickie pattern
305,2,Poland,4,Wycinanki łowickie,1,pattern,02_04_1_030.png,Poland Wycinanki łowickie pattern
306,2,Poland,4,Wycinanki łowickie,2,product,02_04_2_001.png,Poland Wycinanki łowickie product
307,2,Poland,4,Wycinanki łowickie,2,product,02_04_2_002.png,Poland Wycinanki łowickie product
308,2,Poland,4,Wycinanki łowickie,2,product,02_04_2_003.png,Poland Wycinanki łowickie product
309,2,Poland,4,Wycinanki łowickie,2,product,02_04_2_004.png,Poland Wycinanki łowickie product
310,2,Poland,4,Wycinanki łowickie,2,product,02_04_2_005.png,Poland Wycinanki łowickie product
311,2,Poland,4,Wycinanki łowickie,2,product,02_04_2_006.png,Poland Wycinanki łowickie product
312,2,Poland,4,Wycinanki łowickie,2,product,02_04_2_007.png,Poland Wycinanki łowickie product
313,2,Poland,4,Wycinanki łowickie,2,product,02_04_2_008.png,Poland Wycinanki łowickie product
314,2,Poland,4,Wycinanki łowickie,2,product,02_04_2_009.png,Poland Wycinanki łowickie product
315,2,Poland,4,Wycinanki łowickie,2,product,02_04_2_010.png,Poland Wycinanki łowickie product
316,2,Poland,4,Wycinanki łowickie,2,product,02_04_2_011.png,Poland Wycinanki łowickie product
317,2,Poland,4,Wycinanki łowickie,2,product,02_04_2_012.png,Poland Wycinanki łowickie product
318,2,Poland,4,Wycinanki łowickie,2,product,02_04_2_013.png,Poland Wycinanki łowickie product
319,2,Poland,4,Wycinanki łowickie,2,product,02_04_2_014.png,Poland Wycinanki łowickie product
320,2,Poland,4,Wycinanki łowickie,2,product,02_04_2_015.png,Poland Wycinanki łowickie product
321,2,Poland,4,Wycinanki łowickie,2,product,02_04_2_016.png,Poland Wycinanki łowickie product
322,2,Poland,4,Wycinanki łowickie,2,product,02_04_2_017.png,Poland Wycinanki łowickie product
323,2,Poland,4,Wycinanki łowickie,2,product,02_04_2_018.png,Poland Wycinanki łowickie product
324,2,Poland,4,Wycinanki łowickie,2,product,02_04_2_019.png,Poland Wycinanki łowickie product
325,2,Poland,4,Wycinanki łowickie,2,product,02_04_2_020.png,Poland Wycinanki łowickie product
326,2,Poland,4,Wycinanki łowickie,2,product,02_04_2_021.png,Poland Wycinanki łowickie product
327,2,Poland,4,Wycinanki łowickie,2,product,02_04_2_022.png,Poland Wycinanki łowickie product
328,2,Poland,4,Wycinanki łowickie,2,product,02_04_2_023.png,Poland Wycinanki łowickie product
329,2,Poland,4,Wycinanki łowickie,2,product,02_04_2_024.png,Poland Wycinanki łowickie product
330,2,Poland,4,Wycinanki łowickie,2,product,02_04_2_025.png,Poland Wycinanki łowickie product
331,2,Poland,7,Wzory kaszubskie,1,pattern,02_07_1_001.png,Poland Wzory kaszubskie pattern
332,2,Poland,7,Wzory kaszubskie,1,pattern,02_07_1_002.png,Poland Wzory kaszubskie pattern
333,2,Poland,7,Wzory kaszubskie,1,pattern,02_07_1_003.png,Poland Wzory kaszubskie pattern
334,2,Poland,7,Wzory kaszubskie,1,pattern,02_07_1_004.png,Poland Wzory kaszubskie pattern
335,2,Poland,7,Wzory kaszubskie,1,pattern,02_07_1_005.png,Poland Wzory kaszubskie pattern
336,2,Poland,7,Wzory kaszubskie,1,pattern,02_07_1_006.png,Poland Wzory kaszubskie pattern
337,2,Poland,7,Wzory kaszubskie,1,pattern,02_07_1_007.png,Poland Wzory kaszubskie pattern
338,2,Poland,7,Wzory kaszubskie,1,pattern,02_07_1_008.png,Poland Wzory kaszubskie pattern
339,2,Poland,7,Wzory kaszubskie,1,pattern,02_07_1_009.png,Poland Wzory kaszubskie pattern
340,2,Poland,7,Wzory kaszubskie,1,pattern,02_07_1_010.png,Poland Wzory kaszubskie pattern
341,2,Poland,7,Wzory kaszubskie,1,pattern,02_07_1_011.png,Poland Wzory kaszubskie pattern
342,2,Poland,7,Wzory kaszubskie,1,pattern,02_07_1_012.png,Poland Wzory kaszubskie pattern
343,2,Poland,7,Wzory kaszubskie,1,pattern,02_07_1_013.png,Poland Wzory kaszubskie pattern
344,2,Poland,7,Wzory kaszubskie,1,pattern,02_07_1_014.png,Poland Wzory kaszubskie pattern
345,2,Poland,7,Wzory kaszubskie,1,pattern,02_07_1_015.png,Poland Wzory kaszubskie pattern
346,2,Poland,7,Wzory kaszubskie,1,pattern,02_07_1_016.png,Poland Wzory kaszubskie pattern
347,2,Poland,7,Wzory kaszubskie,1,pattern,02_07_1_017.png,Poland Wzory kaszubskie pattern
348,2,Poland,7,Wzory kaszubskie,1,pattern,02_07_1_018.png,Poland Wzory kaszubskie pattern
349,2,Poland,7,Wzory kaszubskie,1,pattern,02_07_1_019.png,Poland Wzory kaszubskie pattern
350,2,Poland,7,Wzory kaszubskie,1,pattern,02_07_1_020.png,Poland Wzory kaszubskie pattern
351,2,Poland,7,Wzory kaszubskie,1,pattern,02_07_1_021.png,Poland Wzory kaszubskie pattern
352,2,Poland,7,Wzory kaszubskie,1,pattern,02_07_1_022.png,Poland Wzory kaszubskie pattern
353,2,Poland,7,Wzory kaszubskie,2,product,02_07_2_001.png,Poland Wzory kaszubskie product
354,2,Poland,7,Wzory kaszubskie,2,product,02_07_2_002.png,Poland Wzory kaszubskie product
355,2,Poland,7,Wzory kaszubskie,2,product,02_07_2_003.png,Poland Wzory kaszubskie product
356,2,Poland,7,Wzory kaszubskie,2,product,02_07_2_004.png,Poland Wzory kaszubskie product
357,2,Poland,7,Wzory kaszubskie,2,product,02_07_2_005.png,Poland Wzory kaszubskie product
358,2,Poland,7,Wzory kaszubskie,2,product,02_07_2_006.png,Poland Wzory kaszubskie product
359,2,Poland,7,Wzory kaszubskie,2,product,02_07_2_007.png,Poland Wzory kaszubskie product
360,2,Poland,7,Wzory kaszubskie,2,product,02_07_2_008.png,Poland Wzory kaszubskie product
361,2,Poland,7,Wzory kaszubskie,2,product,02_07_2_009.png,Poland Wzory kaszubskie product
362,2,Poland,7,Wzory kaszubskie,2,product,02_07_2_010.png,Poland Wzory kaszubskie product
363,2,Poland,7,Wzory kaszubskie,2,product,02_07_2_011.png,Poland Wzory kaszubskie product
364,2,Poland,7,Wzory kaszubskie,2,product,02_07_2_012.png,Poland Wzory kaszubskie product
365,2,Poland,7,Wzory kaszubskie,2,product,02_07_2_013.png,Poland Wzory kaszubskie product
366,2,Poland,7,Wzory kaszubskie,2,product,02_07_2_014.png,Poland Wzory kaszubskie product
367,2,Poland,7,Wzory kaszubskie,2,product,02_07_2_015.png,Poland Wzory kaszubskie product
368,2,Poland,7,Wzory kaszubskie,2,product,02_07_2_016.png,Poland Wzory kaszubskie product
369,2,Poland,7,Wzory kaszubskie,2,product,02_07_2_017.png,Poland Wzory kaszubskie product
370,2,Poland,7,Wzory kaszubskie,2,product,02_07_2_018.png,Poland Wzory kaszubskie product
371,2,Poland,7,Wzory kaszubskie,2,product,02_07_2_019.png,Poland Wzory kaszubskie product
372,2,Poland,7,Wzory kaszubskie,2,product,02_07_2_020.png,Poland Wzory kaszubskie product
373,2,Poland,7,Wzory kaszubskie,2,product,02_07_2_021.png,Poland Wzory kaszubskie product
374,2,Poland,7,Wzory kaszubskie,2,product,02_07_2_022.png,Poland Wzory kaszubskie product
375,2,Poland,7,Wzory kaszubskie,2,product,02_07_2_023.png,Poland Wzory kaszubskie product
376,2,Poland,7,Wzory kaszubskie,2,product,02_07_2_024.png,Poland Wzory kaszubskie product
377,2,Poland,7,Wzory kaszubskie,2,product,02_07_2_025.png,Poland Wzory kaszubskie product
378,2,Poland,7,Wzory kaszubskie,2,product,02_07_2_026.png,Poland Wzory kaszubskie product
379,2,Poland,7,Wzory kaszubskie,2,product,02_07_2_027.png,Poland Wzory kaszubskie product
380,2,Poland,7,Wzory kaszubskie,2,product,02_07_2_028.png,Poland Wzory kaszubskie product
381,2,Poland,7,Wzory kaszubskie,2,product,02_07_2_029.png,Poland Wzory kaszubskie product
382,2,Poland,7,Wzory kaszubskie,2,product,02_07_2_030.png,Poland Wzory kaszubskie product
383,2,Poland,7,Wzory kaszubskie,2,product,02_07_2_031.png,Poland Wzory kaszubskie product
384,2,Poland,7,Wzory kaszubskie,2,product,02_07_2_032.png,Poland Wzory kaszubskie product
385,3,Turkey,5,Iznik,1,pattern,03_05_1_001.png,Turkey Iznik pattern
386,3,Turkey,5,Iznik,1,pattern,03_05_1_002.png,Turkey Iznik pattern
387,3,Turkey,5,Iznik,1,pattern,03_05_1_003.png,Turkey Iznik pattern
388,3,Turkey,5,Iznik,1,pattern,03_05_1_004.png,Turkey Iznik pattern
389,3,Turkey,5,Iznik,1,pattern,03_05_1_005.png,Turkey Iznik pattern
390,3,Turkey,5,Iznik,1,pattern,03_05_1_006.png,Turkey Iznik pattern
391,3,Turkey,5,Iznik,1,pattern,03_05_1_007.png,Turkey Iznik pattern
392,3,Turkey,5,Iznik,1,pattern,03_05_1_008.png,Turkey Iznik pattern
393,3,Turkey,5,Iznik,1,pattern,03_05_1_009.png,Turkey Iznik pattern
394,3,Turkey,5,Iznik,1,pattern,03_05_1_010.png,Turkey Iznik pattern
395,3,Turkey,5,Iznik,1,pattern,03_05_1_011.png,Turkey Iznik pattern
396,3,Turkey,5,Iznik,1,pattern,03_05_1_012.png,Turkey Iznik pattern
397,3,Turkey,5,Iznik,1,pattern,03_05_1_013.png,Turkey Iznik pattern
398,3,Turkey,5,Iznik,1,pattern,03_05_1_014.png,Turkey Iznik pattern
399,3,Turkey,5,Iznik,1,pattern,03_05_1_015.png,Turkey Iznik pattern
400,3,Turkey,5,Iznik,1,pattern,03_05_1_016.png,Turkey Iznik pattern
401,3,Turkey,5,Iznik,1,pattern,03_05_1_017.png,Turkey Iznik pattern
402,3,Turkey,5,Iznik,1,pattern,03_05_1_018.png,Turkey Iznik pattern
403,3,Turkey,5,Iznik,1,pattern,03_05_1_019.png,Turkey Iznik pattern
404,3,Turkey,5,Iznik,1,pattern,03_05_1_020.png,Turkey Iznik pattern
405,3,Turkey,5,Iznik,1,pattern,03_05_1_021.png,Turkey Iznik pattern
406,3,Turkey,5,Iznik,1,product,03_05_2_001.png,Turkey Iznik product
407,3,Turkey,5,Iznik,1,product,03_05_2_002.png,Turkey Iznik product
408,3,Turkey,5,Iznik,1,product,03_05_2_003.png,Turkey Iznik product
409,3,Turkey,5,Iznik,1,product,03_05_2_004.png,Turkey Iznik product
410,3,Turkey,5,Iznik,1,product,03_05_2_005.png,Turkey Iznik product
411,3,Turkey,5,Iznik,1,product,03_05_2_006.png,Turkey Iznik product
412,3,Turkey,5,Iznik,1,product,03_05_2_007.png,Turkey Iznik product
413,3,Turkey,5,Iznik,1,product,03_05_2_008.png,Turkey Iznik product
414,3,Turkey,5,Iznik,1,product,03_05_2_009.png,Turkey Iznik product
415,3,Turkey,5,Iznik,1,product,03_05_2_010.png,Turkey Iznik product
416,3,Turkey,5,Iznik,1,product,03_05_2_011.png,Turkey Iznik product
417,3,Turkey,5,Iznik,1,product,03_05_2_012.png,Turkey Iznik product
418,3,Turkey,5,Iznik,1,product,03_05_2_013.png,Turkey Iznik product
419,3,Turkey,5,Iznik,1,product,03_05_2_014.png,Turkey Iznik product
420,3,Turkey,5,Iznik,1,product,03_05_2_015.png,Turkey Iznik product
421,3,Turkey,5,Iznik,1,product,03_05_2_016.png,Turkey Iznik product
422,3,Turkey,5,Iznik,1,product,03_05_2_017.png,Turkey Iznik product
423,3,Turkey,5,Iznik,1,product,03_05_2_018.png,Turkey Iznik product
424,3,Turkey,5,Iznik,1,product,03_05_2_019.png,Turkey Iznik product
425,3,Turkey,5,Iznik,1,product,03_05_2_020.png,Turkey Iznik product
426,3,Turkey,5,Iznik,1,product,03_05_2_021.png,Turkey Iznik product
427,3,Turkey,5,Iznik,1,product,03_05_2_022.png,Turkey Iznik product
428,3,Turkey,5,Iznik,1,product,03_05_2_023.png,Turkey Iznik product
429,3,Turkey,5,Iznik,1,product,03_05_2_024.png,Turkey Iznik product
430,3,Turkey,5,Iznik,1,product,03_05_2_025.png,Turkey Iznik product
431,3,Turkey,5,Iznik,1,product,03_05_2_026.png,Turkey Iznik product
432,3,Turkey,5,Iznik,1,product,03_05_2_027.png,Turkey Iznik product
433,3,Turkey,5,Iznik,1,product,03_05_2_028.png,Turkey Iznik product
434,3,Turkey,5,Iznik,1,product,03_05_2_029.png,Turkey Iznik product
435,3,Turkey,5,Iznik,1,product,03_05_2_030.png,Turkey Iznik product
436,3,Turkey,5,Iznik,1,product,03_05_2_031.png,Turkey Iznik product
437,3,Turkey,5,Iznik,1,product,03_05_2_032.png,Turkey Iznik product
438,3,Turkey,5,Iznik,1,product,03_05_2_033.png,Turkey Iznik product
439,3,Turkey,5,Iznik,1,product,03_05_2_034.png,Turkey Iznik product
440,3,Turkey,5,Iznik,1,product,03_05_2_035.png,Turkey Iznik product
441,3,Turkey,5,Iznik,1,product,03_05_2_036.png,Turkey Iznik product
442,3,Turkey,5,Iznik,1,product,03_05_2_037.png,Turkey Iznik product
443,3,Turkey,5,Iznik,1,product,03_05_2_038.png,Turkey Iznik product
444,3,Turkey,5,Iznik,1,product,03_05_2_039.png,Turkey Iznik product
445,4,Belarus,6,Neglyubka,1,pattern,04_06_1_001.png,Belarus Neglyubka pattern
446,4,Belarus,6,Neglyubka,1,pattern,04_06_1_002.png,Belarus Neglyubka pattern
447,4,Belarus,6,Neglyubka,1,pattern,04_06_1_003.png,Belarus Neglyubka pattern
448,4,Belarus,6,Neglyubka,1,pattern,04_06_1_004.png,Belarus Neglyubka pattern
449,4,Belarus,6,Neglyubka,1,pattern,04_06_1_005.png,Belarus Neglyubka pattern
450,4,Belarus,6,Neglyubka,1,pattern,04_06_1_006.png,Belarus Neglyubka pattern
451,4,Belarus,6,Neglyubka,1,pattern,04_06_1_007.png,Belarus Neglyubka pattern
452,4,Belarus,6,Neglyubka,1,pattern,04_06_1_008.png,Belarus Neglyubka pattern
453,4,Belarus,6,Neglyubka,1,pattern,04_06_1_009.png,Belarus Neglyubka pattern
454,4,Belarus,6,Neglyubka,1,pattern,04_06_1_010.png,Belarus Neglyubka pattern
455,4,Belarus,6,Neglyubka,1,pattern,04_06_1_011.png,Belarus Neglyubka pattern
456,4,Belarus,6,Neglyubka,1,pattern,04_06_1_012.png,Belarus Neglyubka pattern
457,4,Belarus,6,Neglyubka,1,pattern,04_06_1_013.png,Belarus Neglyubka pattern
458,4,Belarus,6,Neglyubka,1,pattern,04_06_1_014.png,Belarus Neglyubka pattern
459,4,Belarus,6,Neglyubka,1,pattern,04_06_1_015.png,Belarus Neglyubka pattern
460,4,Belarus,6,Neglyubka,1,pattern,04_06_1_016.png,Belarus Neglyubka pattern
461,4,Belarus,6,Neglyubka,1,pattern,04_06_1_017.png,Belarus Neglyubka pattern
462,4,Belarus,6,Neglyubka,1,pattern,04_06_1_018.png,Belarus Neglyubka pattern
463,4,Belarus,6,Neglyubka,1,pattern,04_06_1_019.png,Belarus Neglyubka pattern
464,4,Belarus,6,Neglyubka,1,pattern,04_06_1_020.png,Belarus Neglyubka pattern
465,4,Belarus,6,Neglyubka,1,pattern,04_06_1_021.png,Belarus Neglyubka pattern
466,4,Belarus,6,Neglyubka,1,pattern,04_06_1_022.png,Belarus Neglyubka pattern
467,4,Belarus,6,Neglyubka,1,pattern,04_06_1_023.png,Belarus Neglyubka pattern
468,4,Belarus,6,Neglyubka,1,pattern,04_06_1_024.png,Belarus Neglyubka pattern
469,4,Belarus,6,Neglyubka,1,pattern,04_06_1_025.png,Belarus Neglyubka pattern
470,4,Belarus,6,Neglyubka,1,pattern,04_06_1_026.png,Belarus Neglyubka pattern
471,4,Belarus,6,Neglyubka,1,pattern,04_06_1_027.png,Belarus Neglyubka pattern
472,4,Belarus,6,Neglyubka,1,pattern,04_06_1_028.png,Belarus Neglyubka pattern
473,4,Belarus,6,Neglyubka,1,product,04_06_2_001.png,Belarus Neglyubka product
474,4,Belarus,6,Neglyubka,1,product,04_06_2_002.png,Belarus Neglyubka product
475,4,Belarus,6,Neglyubka,1,product,04_06_2_003.png,Belarus Neglyubka product
476,4,Belarus,6,Neglyubka,1,product,04_06_2_004.png,Belarus Neglyubka product
477,4,Belarus,6,Neglyubka,1,product,04_06_2_005.png,Belarus Neglyubka product
478,4,Belarus,6,Neglyubka,1,product,04_06_2_006.png,Belarus Neglyubka product
479,4,Belarus,6,Neglyubka,1,product,04_06_2_007.png,Belarus Neglyubka product
480,4,Belarus,6,Neglyubka,1,product,04_06_2_008.png,Belarus Neglyubka product
481,4,Belarus,6,Neglyubka,1,product,04_06_2_009.png,Belarus Neglyubka product
482,4,Belarus,6,Neglyubka,1,product,04_06_2_010.png,Belarus Neglyubka product
483,4,Belarus,6,Neglyubka,1,product,04_06_2_011.png,Belarus Neglyubka product
484,4,Belarus,6,Neglyubka,1,product,04_06_2_012.png,Belarus Neglyubka product
